parameter	value
Intercept	189.1466654
x1	-2.032007428
x2	0.0
x3	1.107432304
x4	0.0
x5	1.134395812
x6	-4.236501399
x7	0.590782218
x8	1.232162709
x9	-1.578319607
x10	0.0
